{
  "hash": "ac69d0ba",
  "browserHash": "ab8fb91e",
  "optimized": {
    "@angular/core": {
      "src": "../../../../../node_modules/@angular/core/fesm2022/core.mjs",
      "file": "@angular_core.js",
      "fileHash": "072d26bb",
      "needsInterop": false
    },
    "@angular/platform-browser": {
      "src": "../../../../../node_modules/@angular/platform-browser/fesm2022/platform-browser.mjs",
      "file": "@angular_platform-browser.js",
      "fileHash": "8d3e1e36",
      "needsInterop": false
    },
    "@angular/router": {
      "src": "../../../../../node_modules/@angular/router/fesm2022/router.mjs",
      "file": "@angular_router.js",
      "fileHash": "a6da3301",
      "needsInterop": false
    }
  },
  "chunks": {
    "chunk-3WXMONAN": {
      "file": "chunk-3WXMONAN.js"
    },
    "chunk-7JJFYRJ3": {
      "file": "chunk-7JJFYRJ3.js"
    }
  }
}